<hierarchy name="main" base_url="/">
<section slug="" label="Root" is_root="True">
<section slug="intro" label="Introduction" is_root="False">
<pageblock id="1" type="text" label="Welcome to diaBeaters!" ordinality="1">
<text src="pageblocks/1.txt" />
</pageblock>
</section>
<section slug="session-1" label="Session One" is_root="False">
<section slug="welcome" label="Welcome &amp; Registration" is_root="False">
<pageblock id="2" type="text" label="Welcome &amp; Registration" ordinality="1">
<text src="pageblocks/2.txt" />
</pageblock>
<pageblock id="14" type="quiz" label="" ordinality="2">
<quiz rhetorical="False" description_src="pageblocks/14-description.txt">
<question type="short text" ordinality="1">
<text src='pageblocks/14-26-text.txt' />
<explanation src='pageblocks/14-26-explanation.txt' />
<introtext src='pageblocks/14-26-introtext.txt' />
</question>
<question type="short text" ordinality="2">
<text src='pageblocks/14-27-text.txt' />
<explanation src='pageblocks/14-27-explanation.txt' />
<introtext src='pageblocks/14-27-introtext.txt' />
</question>
<question type="short text" ordinality="3">
<text src='pageblocks/14-28-text.txt' />
<explanation src='pageblocks/14-28-explanation.txt' />
<introtext src='pageblocks/14-28-introtext.txt' />
</question>
<question type="short text" ordinality="4">
<text src='pageblocks/14-29-text.txt' />
<explanation src='pageblocks/14-29-explanation.txt' />
<introtext src='pageblocks/14-29-introtext.txt' />
</question>
<question type="short text" ordinality="5">
<text src='pageblocks/14-30-text.txt' />
<explanation src='pageblocks/14-30-explanation.txt' />
<introtext src='pageblocks/14-30-introtext.txt' />
</question>
<question type="short text" ordinality="6">
<text src='pageblocks/14-31-text.txt' />
<explanation src='pageblocks/14-31-explanation.txt' />
<introtext src='pageblocks/14-31-introtext.txt' />
</question>
<question type="short text" ordinality="7">
<text src='pageblocks/14-32-text.txt' />
<explanation src='pageblocks/14-32-explanation.txt' />
<introtext src='pageblocks/14-32-introtext.txt' />
</question>
<question type="short text" ordinality="8">
<text src='pageblocks/14-33-text.txt' />
<explanation src='pageblocks/14-33-explanation.txt' />
<introtext src='pageblocks/14-33-introtext.txt' />
</question>
<question type="long text" ordinality="9">
<text src='pageblocks/14-34-text.txt' />
<explanation src='pageblocks/14-34-explanation.txt' />
<introtext src='pageblocks/14-34-introtext.txt' />
</question>
<question type="long text" ordinality="10">
<text src='pageblocks/14-35-text.txt' />
<explanation src='pageblocks/14-35-explanation.txt' />
<introtext src='pageblocks/14-35-introtext.txt' />
</question>
<question type="short text" ordinality="11">
<text src='pageblocks/14-36-text.txt' />
<explanation src='pageblocks/14-36-explanation.txt' />
<introtext src='pageblocks/14-36-introtext.txt' />
</question>
<question type="short text" ordinality="12">
<text src='pageblocks/14-37-text.txt' />
<explanation src='pageblocks/14-37-explanation.txt' />
<introtext src='pageblocks/14-37-introtext.txt' />
</question>
<question type="short text" ordinality="13">
<text src='pageblocks/14-38-text.txt' />
<explanation src='pageblocks/14-38-explanation.txt' />
<introtext src='pageblocks/14-38-introtext.txt' />
</question>
</quiz>
</pageblock>
</section>
<section slug="how-diabeaters-can-help" label="How diaBeaters Can Help" is_root="False">
<pageblock id="3" type="text" label="How diaBeaters Can Help" ordinality="1">
<text src="pageblocks/3.txt" />
</pageblock>
</section>
<section slug="understanding-family-needs" label="Understanding Family Needs" is_root="False">
<pageblock id="9" type="quiz" label="Understanding Family Needs" ordinality="1">
<quiz rhetorical="False" description_src="pageblocks/9-description.txt">
<question type="short text" ordinality="1">
<text src='pageblocks/9-3-text.txt' />
<explanation src='pageblocks/9-3-explanation.txt' />
<introtext src='pageblocks/9-3-introtext.txt' />
</question>
<question type="short text" ordinality="2">
<text src='pageblocks/9-4-text.txt' />
<explanation src='pageblocks/9-4-explanation.txt' />
<introtext src='pageblocks/9-4-introtext.txt' />
</question>
<question type="short text" ordinality="3">
<text src='pageblocks/9-5-text.txt' />
<explanation src='pageblocks/9-5-explanation.txt' />
<introtext src='pageblocks/9-5-introtext.txt' />
</question>
<question type="short text" ordinality="4">
<text src='pageblocks/9-6-text.txt' />
<explanation src='pageblocks/9-6-explanation.txt' />
<introtext src='pageblocks/9-6-introtext.txt' />
</question>
<question type="short text" ordinality="5">
<text src='pageblocks/9-7-text.txt' />
<explanation src='pageblocks/9-7-explanation.txt' />
<introtext src='pageblocks/9-7-introtext.txt' />
</question>
<question type="short text" ordinality="6">
<text src='pageblocks/9-8-text.txt' />
<explanation src='pageblocks/9-8-explanation.txt' />
<introtext src='pageblocks/9-8-introtext.txt' />
</question>
<question type="short text" ordinality="7">
<text src='pageblocks/9-9-text.txt' />
<explanation src='pageblocks/9-9-explanation.txt' />
<introtext src='pageblocks/9-9-introtext.txt' />
</question>
<question type="multiple choice" ordinality="8">
<text src='pageblocks/9-10-text.txt' />
<explanation src='pageblocks/9-10-explanation.txt' />
<introtext src='pageblocks/9-10-introtext.txt' />
<answer label="No big deal" value="No big Deal" ordinality="1" correct="False" />
<answer label="Overwhelming" value="Overwhelming" ordinality="2" correct="False" />
<answer label="Scary" value="Scary" ordinality="3" correct="False" />
<answer label="Depressing" value="Depressing" ordinality="4" correct="False" />
<answer label="Unavoidable since it runs in my family" value="Unavoidable since it runs in my family" ordinality="5" correct="False" />
<answer label="Controllable with good health habits" value="Controllable with good health habits" ordinality="6" correct="False" />
</question>
<question type="single choice" ordinality="9">
<text src='pageblocks/9-11-text.txt' />
<explanation src='pageblocks/9-11-explanation.txt' />
<introtext src='pageblocks/9-11-introtext.txt' />
<answer label="I don’t believe I have or am at risk for Type 2 Diabetes." value="I don’t believe I have or am at risk for Type 2 Diabetes." ordinality="1" correct="False" />
<answer label="I’m wondering what I can do to take control of my diabetes." value="I’m wondering what I can do to take control of my diabetes." ordinality="2" correct="False" />
<answer label="I have already started to make some changes, such as _." value="I have already started to make some changes, such as _." ordinality="3" correct="False" />
<answer label="I believe I have the power to take control of diabetes." value="I believe I have the power to take control of diabetes." ordinality="4" correct="False" />
</question>
<question type="long text" ordinality="10">
<text src='pageblocks/9-12-text.txt' />
<explanation src='pageblocks/9-12-explanation.txt' />
<introtext src='pageblocks/9-12-introtext.txt' />
</question>
<question type="long text" ordinality="11">
<text src='pageblocks/9-13-text.txt' />
<explanation src='pageblocks/9-13-explanation.txt' />
<introtext src='pageblocks/9-13-introtext.txt' />
</question>
<question type="long text" ordinality="12">
<text src='pageblocks/9-14-text.txt' />
<explanation src='pageblocks/9-14-explanation.txt' />
<introtext src='pageblocks/9-14-introtext.txt' />
</question>
</quiz>
</pageblock>
</section>
<section slug="what-do-i-know" label="What Do I Know?" is_root="False">
<pageblock id="13" type="quiz" label="What Do I Know?" ordinality="1">
<quiz rhetorical="True" description_src="pageblocks/13-description.txt">
<question type="single choice" ordinality="1">
<text src='pageblocks/13-20-text.txt' />
<explanation src='pageblocks/13-20-explanation.txt' />
<introtext src='pageblocks/13-20-introtext.txt' />
<answer label="True" value="True" ordinality="1" correct="False" />
<answer label="False" value="False" ordinality="2" correct="True" />
</question>
<question type="single choice" ordinality="2">
<text src='pageblocks/13-21-text.txt' />
<explanation src='pageblocks/13-21-explanation.txt' />
<introtext src='pageblocks/13-21-introtext.txt' />
<answer label="True" value="True" ordinality="1" correct="False" />
<answer label="False" value="False" ordinality="2" correct="True" />
</question>
<question type="single choice" ordinality="3">
<text src='pageblocks/13-22-text.txt' />
<explanation src='pageblocks/13-22-explanation.txt' />
<introtext src='pageblocks/13-22-introtext.txt' />
<answer label="True" value="True" ordinality="1" correct="False" />
<answer label="False" value="False" ordinality="2" correct="True" />
</question>
<question type="single choice" ordinality="4">
<text src='pageblocks/13-23-text.txt' />
<explanation src='pageblocks/13-23-explanation.txt' />
<introtext src='pageblocks/13-23-introtext.txt' />
<answer label="True" value="True" ordinality="1" correct="False" />
<answer label="False" value="False" ordinality="2" correct="True" />
</question>
<question type="single choice" ordinality="5">
<text src='pageblocks/13-24-text.txt' />
<explanation src='pageblocks/13-24-explanation.txt' />
<introtext src='pageblocks/13-24-introtext.txt' />
<answer label="True" value="True" ordinality="1" correct="True" />
<answer label="False" value="False" ordinality="2" correct="False" />
</question>
<question type="single choice" ordinality="6">
<text src='pageblocks/13-25-text.txt' />
<explanation src='pageblocks/13-25-explanation.txt' />
<introtext src='pageblocks/13-25-introtext.txt' />
<answer label="True" value="True" ordinality="1" correct="True" />
<answer label="False" value="False" ordinality="2" correct="False" />
</question>
</quiz>
</pageblock>
</section>
<section slug="what-is-t2d" label="What is T2D?" is_root="False">
<pageblock id="4" type="text" label="What is T2D?" ordinality="1">
<text src="pageblocks/4.txt" />
</pageblock>
<pageblock id="140" type="html" label="" ordinality="2">
<html src="pageblocks/140.html" />
</pageblock>
<pageblock id="104" type="text" label="" ordinality="3">
<text src="pageblocks/104.txt" />
</pageblock>
<pageblock id="185" type="html" label="" ordinality="4">
<html src="pageblocks/185.html" />
</pageblock>
</section>
<section slug="weight-and-t2d" label="Weight &amp; T2D" is_root="False">
<pageblock id="5" type="text" label="Weight &amp; T2D" ordinality="1">
<text src="pageblocks/5.txt" />
</pageblock>
</section>
<section slug="what-to-expect" label="What to Expect" is_root="False">
<pageblock id="6" type="text" label="What to Expect" ordinality="1">
<text src="pageblocks/6.txt" />
</pageblock>
</section>
<section slug="making-one-small-change" label="Making One Small Change" is_root="False">
<pageblock id="7" type="text" label="Making One Small Change" ordinality="1">
<text src="pageblocks/7.txt" />
</pageblock>
</section>
<section slug="contract-and-goals" label="Contract &amp; Goals" is_root="False">
<pageblock id="141" type="html" label="Kid's Promise" ordinality="1">
<html src="pageblocks/141.html" />
</pageblock>
<pageblock id="144" type="html" label="Parent's Promise" ordinality="2">
<html src="pageblocks/144.html" />
</pageblock>
<pageblock id="145" type="html" label="Goals" ordinality="3">
<html src="pageblocks/145.html" />
</pageblock>
</section>
<section slug="new-healthy-habit" label="New Healthy Habit" is_root="False">
<pageblock id="187" type="html" label="New Healthy Habit" ordinality="1">
<html src="pageblocks/187.html" />
</pageblock>
<pageblock id="188" type="text" label="Sample Healthy Habit" ordinality="2">
<text src="pageblocks/188.txt" />
</pageblock>
</section>
<section slug="social_work_guide" label="Social Work Guide" is_root="False">
<section slug="welcome-registration" label="Welcome &amp; Registration" is_root="False">
<pageblock id="102" type="text" label="Social Work Guide" ordinality="1">
<text src="pageblocks/102.txt" />
</pageblock>
<pageblock id="25" type="text" label="Welcome &amp; Registration" ordinality="2">
<text src="pageblocks/25.txt" />
</pageblock>
</section>
<section slug="how-diabeaters-can-help" label="How diaBeaters Can Help" is_root="False">
<pageblock id="26" type="text" label="How diaBeaters Can Help" ordinality="1">
<text src="pageblocks/26.txt" />
</pageblock>
</section>
<section slug="understanding-family-needs" label="Understanding Family Needs" is_root="False">
<pageblock id="27" type="text" label="Understanding Family Needs" ordinality="1">
<text src="pageblocks/27.txt" />
</pageblock>
</section>
<section slug="what-do-i-know" label="What Do I Know?" is_root="False">
<pageblock id="29" type="text" label="What Do I Know?" ordinality="1">
<text src="pageblocks/29.txt" />
</pageblock>
</section>
<section slug="what-is-t2d" label="What is T2D?" is_root="False">
<pageblock id="30" type="text" label="What is T2D?" ordinality="1">
<text src="pageblocks/30.txt" />
</pageblock>
</section>
<section slug="weight-t2d" label="Weight &amp; T2D" is_root="False">
<pageblock id="31" type="text" label="Weight &amp; T2D" ordinality="1">
<text src="pageblocks/31.txt" />
</pageblock>
</section>
<section slug="what-to-expect" label="What to Expect" is_root="False">
<pageblock id="32" type="text" label="What to Expect" ordinality="1">
<text src="pageblocks/32.txt" />
</pageblock>
</section>
<section slug="making-one-small-change" label="Making One Small Change" is_root="False">
<pageblock id="33" type="text" label="Making One Small Change" ordinality="1">
<text src="pageblocks/33.txt" />
</pageblock>
</section>
<section slug="contract-goals" label="Contract &amp; Goals" is_root="False">
<pageblock id="34" type="text" label="Contract &amp; Goals" ordinality="1">
<text src="pageblocks/34.txt" />
</pageblock>
</section>
<section slug="new-healthy-habit" label="New Healthy Habit" is_root="False">
<pageblock id="35" type="text" label="New Healthy Habit" ordinality="1">
<text src="pageblocks/35.txt" />
</pageblock>
</section>
</section>
</section>
<section slug="session-2" label="Session Two" is_root="False">
<section slug="welcome_and_review" label="Welcome &amp; Review" is_root="False">
<pageblock id="37" type="text" label="Welcome &amp; Review" ordinality="1">
<text src="pageblocks/37.txt" />
</pageblock>
<pageblock id="175" type="text" label="Sample Healthy Habit: Update" ordinality="2">
<text src="pageblocks/175.txt" />
</pageblock>
</section>
<section slug="elements_health_plan" label="Elements of a Health Plan" is_root="False">
<pageblock id="38" type="text" label="Elements of a Health Plan" ordinality="1">
<text src="pageblocks/38.txt" />
</pageblock>
</section>
<section slug="establishing_healthy_habits" label="Establishing Healthy Habits" is_root="False">
<pageblock id="39" type="text" label="Establishing Healthy Habits" ordinality="1">
<text src="pageblocks/39.txt" />
</pageblock>
<pageblock id="146" type="html" label="" ordinality="2">
<html src="pageblocks/146.html" />
</pageblock>
<pageblock id="110" type="text" label="" ordinality="3">
<text src="pageblocks/110.txt" />
</pageblock>
</section>
<section slug="what_do_you_eat" label="What do you eat?" is_root="False">
<pageblock id="172" type="text" label="What do you eat?" ordinality="1">
<text src="pageblocks/172.txt" />
</pageblock>
<pageblock id="173" type="html" label="" ordinality="2">
<html src="pageblocks/173.html" />
</pageblock>
</section>
<section slug="healthy_food_options" label="Healthy Food Options" is_root="False">
<pageblock id="41" type="text" label="Healthy Food Options" ordinality="1">
<text src="pageblocks/41.txt" />
</pageblock>
<pageblock id="149" type="html" label="Try new snacks!" ordinality="2">
<html src="pageblocks/149.html" />
</pageblock>
</section>
<section slug="what-is-your-fitness-style" label="What is your fitness style?" is_root="False">
<pageblock id="11" type="quiz" label="What is your fitness style?" ordinality="1">
<quiz rhetorical="False" description_src="pageblocks/11-description.txt">
<question type="single choice" ordinality="1">
<text src='pageblocks/11-16-text.txt' />
<explanation src='pageblocks/11-16-explanation.txt' />
<introtext src='pageblocks/11-16-introtext.txt' />
<answer label="wake up quickly and jump out of bed." value="wake up quickly and jump out of bed." ordinality="1" correct="False" />
<answer label="wait until the snooze alarm or mom/dad/grandma calls me." value="wait until the snooze alarm or mom/dad/grandma calls me." ordinality="2" correct="False" />
<answer label="get up but I am still tired." value="get up but I am still tired." ordinality="3" correct="False" />
<answer label="pull the covers over my head and go back to sleep." value="pull the covers over my head and go back to sleep." ordinality="4" correct="False" />
</question>
<question type="single choice" ordinality="2">
<text src='pageblocks/11-17-text.txt' />
<explanation src='pageblocks/11-17-explanation.txt' />
<introtext src='pageblocks/11-17-introtext.txt' />
<answer label="always play hard." value="always play hard." ordinality="1" correct="False" />
<answer label="often participate in most activities." value="often participate in most activities." ordinality="2" correct="False" />
<answer label="sometimes participate when I like the activity." value="sometimes participate when I like the activity." ordinality="3" correct="False" />
<answer label="hide out or pretend I'm sick." value="hide out or pretend I'm sick." ordinality="4" correct="False" />
</question>
<question type="single choice" ordinality="3">
<text src='pageblocks/11-18-text.txt' />
<explanation src='pageblocks/11-18-explanation.txt' />
<introtext src='pageblocks/11-18-introtext.txt' />
<answer label="eat fast and then play hard." value="eat fast and then play hard." ordinality="1" correct="False" />
<answer label="eat, then run around with friends." value="eat, then run around with friends." ordinality="2" correct="False" />
<answer label="just eat my lunch." value="just eat my lunch." ordinality="3" correct="False" />
<answer label="skip lunch." value="skip lunch." ordinality="4" correct="False" />
</question>
<question type="single choice" ordinality="4">
<text src='pageblocks/11-19-text.txt' />
<explanation src='pageblocks/11-19-explanation.txt' />
<introtext src='pageblocks/11-19-introtext.txt' />
<answer label="5 or more times per week." value="5 or more times per week." ordinality="1" correct="False" />
<answer label="3 or 4 times per week." value="3 or 4 times per week." ordinality="2" correct="False" />
<answer label="once or twice a week." value="once or twice a week." ordinality="3" correct="False" />
<answer label="not at all." value="not at all." ordinality="4" correct="False" />
</question>
</quiz>
</pageblock>
<pageblock id="12" type="text" label="" ordinality="2">
<text src="pageblocks/12.txt" />
</pageblock>
</section>
<section slug="individual-exercise-options" label="Individual Exercise Options" is_root="False">
<pageblock id="150" type="html" label="Individual Exercise Options" ordinality="1">
<html src="pageblocks/150.html" />
</pageblock>
</section>
<section slug="new-healthy-habit" label="New Healthy Habit" is_root="False">
<pageblock id="189" type="html" label="New Healthy Habit" ordinality="1">
<html src="pageblocks/189.html" />
</pageblock>
<pageblock id="190" type="text" label="Sample Healthy Habit" ordinality="2">
<text src="pageblocks/190.txt" />
</pageblock>
</section>
<section slug="social_work_guide" label="Social Work Guide" is_root="False">
<section slug="welcome-review" label="Welcome &amp; Review" is_root="False">
<pageblock id="44" type="text" label="Welcome &amp; Review" ordinality="1">
<text src="pageblocks/44.txt" />
</pageblock>
</section>
<section slug="elements-of-a-health-plan" label="Elements of a Health Plan" is_root="False">
<pageblock id="45" type="text" label="Elements of a Health Plan" ordinality="1">
<text src="pageblocks/45.txt" />
</pageblock>
</section>
<section slug="establishing-healthy-habits" label="Establishing Healthy Habits" is_root="False">
<pageblock id="46" type="text" label="Establishing Healthy Habits" ordinality="1">
<text src="pageblocks/46.txt" />
</pageblock>
</section>
<section slug="what-do-you-eat" label="What do you eat?" is_root="False">
<pageblock id="47" type="text" label="What do you eat?" ordinality="1">
<text src="pageblocks/47.txt" />
</pageblock>
</section>
<section slug="healthy-food-options" label="Healthy Food Options" is_root="False">
<pageblock id="48" type="text" label="Healthy Food Options" ordinality="1">
<text src="pageblocks/48.txt" />
</pageblock>
</section>
<section slug="what-is-your-fitness-style" label="What is your fitness style?" is_root="False">
<pageblock id="49" type="text" label="What is your fitness style?" ordinality="1">
<text src="pageblocks/49.txt" />
</pageblock>
</section>
<section slug="individual-exercise-options" label="Individual Exercise Options" is_root="False">
<pageblock id="52" type="text" label="Individual Exercise Options" ordinality="1">
<text src="pageblocks/52.txt" />
</pageblock>
</section>
<section slug="new-healthy-habit" label="New Healthy Habit" is_root="False">
<pageblock id="53" type="text" label="New Healthy Habit" ordinality="1">
<text src="pageblocks/53.txt" />
</pageblock>
</section>
</section>
</section>
<section slug="session-3" label="Session Three" is_root="False">
<section slug="welcome_and_review" label="Welcome &amp; Review" is_root="False">
<pageblock id="54" type="text" label="Welcome &amp; Review" ordinality="1">
<text src="pageblocks/54.txt" />
</pageblock>
<pageblock id="176" type="text" label="Sample Healthy Habit: Update" ordinality="2">
<text src="pageblocks/176.txt" />
</pageblock>
</section>
<section slug="your_support_team" label="Your Support Team" is_root="False">
<pageblock id="55" type="text" label="Your Support Team" ordinality="1">
<text src="pageblocks/55.txt" />
</pageblock>
<pageblock id="151" type="html" label="" ordinality="2">
<html src="pageblocks/151.html" />
</pageblock>
</section>
<section slug="your-eating-style" label="Your Eating Style" is_root="False">
<pageblock id="56" type="text" label="Your Eating Style" ordinality="1">
<text src="pageblocks/56.txt" />
</pageblock>
<pageblock id="10" type="quiz" label="" ordinality="2">
<quiz rhetorical="False" description_src="pageblocks/10-description.txt">
<question type="multiple choice" ordinality="1">
<text src='pageblocks/10-15-text.txt' />
<explanation src='pageblocks/10-15-explanation.txt' />
<introtext src='pageblocks/10-15-introtext.txt' />
<answer label="I love to have long conversations during a meal, so I wind up eating slowly." value="I love to have long conversations during a meal, so I wind up eating slowly." ordinality="1" correct="False" />
<answer label="I like to cook and arrange the plate so it looks pretty." value="I like to cook and arrange the plate so it looks pretty." ordinality="2" correct="False" />
<answer label="I like to try new and different foods, especially colorful ones." value="I like to try new and different foods, especially colorful ones." ordinality="3" correct="False" />
<answer label="I’m a constant muncher and snack while watching TV, playing video games, using my computer, etc." value="I’m a constant muncher and snack while watching TV, playing video games, using my computer, etc." ordinality="4" correct="False" />
<answer label="I can finish a bag of chips without even knowing it." value="I can finish a bag of chips without even knowing it." ordinality="5" correct="False" />
<answer label="My favorite foods are white or beige." value="My favorite foods are white or beige." ordinality="6" correct="False" />
<answer label="Sometimes I eat standing up. I’m always on the go so I need fast foods.
" value="Sometimes I eat standing up. I’m always on the go so I need fast foods." ordinality="7" correct="False" />
<answer label="I never have time for breakfast." value="I never have time for breakfast." ordinality="8" correct="False" />
<answer label="I’m fussy. I never let the peas touch the mashed potatoes." value="I’m fussy. I never let the peas touch the mashed potatoes." ordinality="9" correct="False" />
</question>
</quiz>
</pageblock>
</section>
<section slug="portion_control" label="Portion Control" is_root="False">
<pageblock id="57" type="text" label="Portion Control" ordinality="1">
<text src="pageblocks/57.txt" />
</pageblock>
<pageblock id="121" type="text" label="Use Your Hand to Measure" ordinality="2">
<text src="pageblocks/121.txt" />
</pageblock>
<pageblock id="152" type="html" label="" ordinality="3">
<html src="pageblocks/152.html" />
</pageblock>
<pageblock id="119" type="text" label="Use Your Plate" ordinality="4">
<text src="pageblocks/119.txt" />
</pageblock>
<pageblock id="153" type="html" label="" ordinality="5">
<html src="pageblocks/153.html" />
</pageblock>
<pageblock id="154" type="html" label="" ordinality="6">
<html src="pageblocks/154.html" />
</pageblock>
</section>
<section slug="overcome_procrastination" label="Overcome Procrastination" is_root="False">
<pageblock id="58" type="text" label="Overcome Procrastination" ordinality="1">
<text src="pageblocks/58.txt" />
</pageblock>
</section>
<section slug="family_team" label="The Family Team" is_root="False">
<pageblock id="59" type="text" label="The Family Team" ordinality="1">
<text src="pageblocks/59.txt" />
</pageblock>
<pageblock id="155" type="html" label="Kid's Quiz" ordinality="2">
<html src="pageblocks/155.html" />
</pageblock>
<pageblock id="156" type="html" label="Parent's Quiz" ordinality="3">
<html src="pageblocks/156.html" />
</pageblock>
</section>
<section slug="family_fitness" label="Family Fitness" is_root="False">
<pageblock id="60" type="text" label="Family Fitness" ordinality="1">
<text src="pageblocks/60.txt" />
</pageblock>
<pageblock id="157" type="html" label="" ordinality="2">
<html src="pageblocks/157.html" />
</pageblock>
</section>
<section slug="new-healthy-habit" label="New Healthy Habit" is_root="False">
<pageblock id="191" type="html" label="New Healthy Habit" ordinality="1">
<html src="pageblocks/191.html" />
</pageblock>
<pageblock id="192" type="text" label="Sample Healthy Habit" ordinality="2">
<text src="pageblocks/192.txt" />
</pageblock>
</section>
<section slug="social_work_guide" label="Social Work Guide" is_root="False">
<section slug="welcome-review" label="Welcome &amp; Review" is_root="False">
<pageblock id="62" type="text" label="Welcome &amp; Review" ordinality="1">
<text src="pageblocks/62.txt" />
</pageblock>
</section>
<section slug="your-support-team" label="Your Support Team" is_root="False">
<pageblock id="63" type="text" label="Your Support Team" ordinality="1">
<text src="pageblocks/63.txt" />
</pageblock>
</section>
<section slug="your-eating-style" label="Your Eating Style" is_root="False">
<pageblock id="64" type="text" label="Your Eating Style" ordinality="1">
<text src="pageblocks/64.txt" />
</pageblock>
</section>
<section slug="portion-control" label="Portion Control" is_root="False">
<pageblock id="65" type="text" label="Portion Control" ordinality="1">
<text src="pageblocks/65.txt" />
</pageblock>
</section>
<section slug="overcome-procrastination" label="Overcome Procrastination" is_root="False">
<pageblock id="66" type="text" label="Overcome Procrastination" ordinality="1">
<text src="pageblocks/66.txt" />
</pageblock>
</section>
<section slug="the-family-team" label="The Family Team" is_root="False">
<pageblock id="67" type="text" label="The Family Team" ordinality="1">
<text src="pageblocks/67.txt" />
</pageblock>
</section>
<section slug="family-fitness" label="Family Fitness" is_root="False">
<pageblock id="68" type="text" label="Family Fitness" ordinality="1">
<text src="pageblocks/68.txt" />
</pageblock>
</section>
<section slug="new-healthy-habit" label="New Healthy Habit" is_root="False">
<pageblock id="69" type="text" label="New Healthy Habit" ordinality="1">
<text src="pageblocks/69.txt" />
</pageblock>
</section>
</section>
</section>
<section slug="session-4" label="Session Four" is_root="False">
<section slug="welcome_and_review" label="Welcome &amp; Review" is_root="False">
<pageblock id="70" type="text" label="Welcome &amp; Review" ordinality="1">
<text src="pageblocks/70.txt" />
</pageblock>
<pageblock id="178" type="text" label="Sample Healthy Habit: Update" ordinality="2">
<text src="pageblocks/178.txt" />
</pageblock>
</section>
<section slug="why-we-eat" label="Why We Eat" is_root="False">
<pageblock id="71" type="text" label="Why We Eat" ordinality="1">
<text src="pageblocks/71.txt" />
</pageblock>
<pageblock id="158" type="html" label="" ordinality="2">
<html src="pageblocks/158.html" />
</pageblock>
</section>
<section slug="cooking-lite" label="Cooking &quot;Lite&quot;" is_root="False">
<pageblock id="72" type="text" label="Cooking Lite" ordinality="1">
<text src="pageblocks/72.txt" />
</pageblock>
<pageblock id="163" type="html" label="" ordinality="2">
<html src="pageblocks/163.html" />
</pageblock>
<pageblock id="126" type="text" label="Training Your Taste Buds" ordinality="3">
<text src="pageblocks/126.txt" />
</pageblock>
<pageblock id="160" type="html" label="" ordinality="4">
<html src="pageblocks/160.html" />
</pageblock>
<pageblock id="128" type="text" label="" ordinality="5">
<text src="pageblocks/128.txt" />
</pageblock>
<pageblock id="131" type="text" label="The &quot;A&quot; List" ordinality="6">
<text src="pageblocks/131.txt" />
</pageblock>
<pageblock id="161" type="html" label="" ordinality="7">
<html src="pageblocks/161.html" />
</pageblock>
</section>
<section slug="reading-labels" label="Reading Labels" is_root="False">
<pageblock id="73" type="text" label="Reading Labels" ordinality="1">
<text src="pageblocks/73.txt" />
</pageblock>
<pageblock id="164" type="html" label="" ordinality="2">
<html src="pageblocks/164.html" />
</pageblock>
<pageblock id="132" type="text" label="" ordinality="3">
<text src="pageblocks/132.txt" />
</pageblock>
</section>
<section slug="trading-food" label="Trading Food" is_root="False">
<pageblock id="74" type="text" label="Trading Food" ordinality="1">
<text src="pageblocks/74.txt" />
</pageblock>
<pageblock id="165" type="html" label="" ordinality="2">
<html src="pageblocks/165.html" />
</pageblock>
</section>
<section slug="factor-in-reality" label="Factor in Reality" is_root="False">
<pageblock id="75" type="text" label="Factor in Reality" ordinality="1">
<text src="pageblocks/75.txt" />
</pageblock>
</section>
<section slug="activity-rewards" label="Activity Rewards" is_root="False">
<pageblock id="76" type="text" label="Activity Rewards" ordinality="1">
<text src="pageblocks/76.txt" />
</pageblock>
</section>
<section slug="arrange-your-day" label="Arrange Your Day" is_root="False">
<pageblock id="77" type="text" label="Arrange Your Day" ordinality="1">
<text src="pageblocks/77.txt" />
</pageblock>
<pageblock id="166" type="html" label="" ordinality="2">
<html src="pageblocks/166.html" />
</pageblock>
</section>
<section slug="new-healthy-habit" label="New Healthy Habit" is_root="False">
<pageblock id="193" type="html" label="New Healthy Habit" ordinality="1">
<html src="pageblocks/193.html" />
</pageblock>
<pageblock id="194" type="text" label="Sample Healthy Habit" ordinality="2">
<text src="pageblocks/194.txt" />
</pageblock>
</section>
<section slug="social-work-guide" label="Social Work Guide" is_root="False">
<section slug="welcome-review" label="Welcome &amp; Review" is_root="False">
<pageblock id="78" type="text" label="Welcome &amp; Review" ordinality="1">
<text src="pageblocks/78.txt" />
</pageblock>
</section>
<section slug="why-we-eat" label="Why We Eat" is_root="False">
<pageblock id="79" type="text" label="Why We Eat" ordinality="1">
<text src="pageblocks/79.txt" />
</pageblock>
</section>
<section slug="cooking-lite" label="Cooking &quot;Lite&quot;" is_root="False">
<pageblock id="80" type="text" label="Cooking Lite" ordinality="1">
<text src="pageblocks/80.txt" />
</pageblock>
</section>
<section slug="reading-labels" label="Reading Labels" is_root="False">
<pageblock id="81" type="text" label="Reading Labels" ordinality="1">
<text src="pageblocks/81.txt" />
</pageblock>
</section>
<section slug="trading-food" label="Trading Food" is_root="False">
<pageblock id="82" type="text" label="Trade Food" ordinality="1">
<text src="pageblocks/82.txt" />
</pageblock>
</section>
<section slug="factor-in-reality" label="Factor in Reality" is_root="False">
<pageblock id="83" type="text" label="Factor in Reality" ordinality="1">
<text src="pageblocks/83.txt" />
</pageblock>
</section>
<section slug="arrange-your-day" label="Arrange Your Day" is_root="False">
<pageblock id="84" type="text" label="Arrange Your Day" ordinality="1">
<text src="pageblocks/84.txt" />
</pageblock>
</section>
<section slug="new-healthy-habit" label="New Healthy Habit" is_root="False">
<pageblock id="85" type="text" label="New Healthy Habit" ordinality="1">
<text src="pageblocks/85.txt" />
</pageblock>
</section>
</section>
</section>
<section slug="session-5" label="Session Five" is_root="False">
<section slug="welcome" label="Welcome &amp; Review" is_root="False">
<pageblock id="86" type="text" label="Welcome &amp; Review" ordinality="1">
<text src="pageblocks/86.txt" />
</pageblock>
</section>
<section slug="keep_it_going" label="Keep it Going" is_root="False">
<pageblock id="87" type="text" label="Keep it Going" ordinality="1">
<text src="pageblocks/87.txt" />
</pageblock>
</section>
<section slug="current_attitudes" label="Current Attitudes" is_root="False">
<pageblock id="88" type="text" label="Current Attitudes" ordinality="1">
<text src="pageblocks/88.txt" />
</pageblock>
<pageblock id="89" type="quiz" label="" ordinality="2">
<quiz rhetorical="False" description_src="pageblocks/89-description.txt">
<question type="short text" ordinality="1">
<text src='pageblocks/89-51-text.txt' />
<explanation src='pageblocks/89-51-explanation.txt' />
<introtext src='pageblocks/89-51-introtext.txt' />
</question>
<question type="short text" ordinality="2">
<text src='pageblocks/89-52-text.txt' />
<explanation src='pageblocks/89-52-explanation.txt' />
<introtext src='pageblocks/89-52-introtext.txt' />
</question>
<question type="short text" ordinality="3">
<text src='pageblocks/89-53-text.txt' />
<explanation src='pageblocks/89-53-explanation.txt' />
<introtext src='pageblocks/89-53-introtext.txt' />
</question>
<question type="short text" ordinality="4">
<text src='pageblocks/89-54-text.txt' />
<explanation src='pageblocks/89-54-explanation.txt' />
<introtext src='pageblocks/89-54-introtext.txt' />
</question>
<question type="short text" ordinality="5">
<text src='pageblocks/89-55-text.txt' />
<explanation src='pageblocks/89-55-explanation.txt' />
<introtext src='pageblocks/89-55-introtext.txt' />
</question>
<question type="short text" ordinality="6">
<text src='pageblocks/89-56-text.txt' />
<explanation src='pageblocks/89-56-explanation.txt' />
<introtext src='pageblocks/89-56-introtext.txt' />
</question>
<question type="short text" ordinality="7">
<text src='pageblocks/89-57-text.txt' />
<explanation src='pageblocks/89-57-explanation.txt' />
<introtext src='pageblocks/89-57-introtext.txt' />
</question>
<question type="multiple choice" ordinality="8">
<text src='pageblocks/89-58-text.txt' />
<explanation src='pageblocks/89-58-explanation.txt' />
<introtext src='pageblocks/89-58-introtext.txt' />
<answer label="No Big Deal" value="No Big Deal" ordinality="1" correct="False" />
<answer label="Overwhelming" value="Overwhelming" ordinality="2" correct="False" />
<answer label="Scary" value="Scary" ordinality="3" correct="False" />
<answer label="Depressing" value="Depressing" ordinality="4" correct="False" />
<answer label="Unavoidable, since it runs in my family" value="Unavoidable" ordinality="5" correct="False" />
<answer label="Controllable with good health habits" value="Controllable" ordinality="6" correct="False" />
</question>
<question type="single choice" ordinality="9">
<text src='pageblocks/89-59-text.txt' />
<explanation src='pageblocks/89-59-explanation.txt' />
<introtext src='pageblocks/89-59-introtext.txt' />
<answer label="I don’t believe I have or am at risk for Type 2 Diabetes." value="I don’t believe I have or am at risk for Type 2 Diabetes." ordinality="1" correct="False" />
<answer label="I’m wondering what I can do to take control of my diabetes." value="I’m wondering what I can do to take control of my diabetes." ordinality="2" correct="False" />
<answer label="I have already started to make some changes, such as _." value="I have already started to make some changes, such as _." ordinality="3" correct="False" />
<answer label="I believe I have the power to take control of diabetes." value="I believe I have the power to take control of diabetes." ordinality="4" correct="False" />
</question>
<question type="long text" ordinality="10">
<text src='pageblocks/89-60-text.txt' />
<explanation src='pageblocks/89-60-explanation.txt' />
<introtext src='pageblocks/89-60-introtext.txt' />
</question>
<question type="long text" ordinality="11">
<text src='pageblocks/89-61-text.txt' />
<explanation src='pageblocks/89-61-explanation.txt' />
<introtext src='pageblocks/89-61-introtext.txt' />
</question>
<question type="long text" ordinality="12">
<text src='pageblocks/89-62-text.txt' />
<explanation src='pageblocks/89-62-explanation.txt' />
<introtext src='pageblocks/89-62-introtext.txt' />
</question>
</quiz>
</pageblock>
</section>
<section slug="new-healthy-habit" label="New Healthy Habit" is_root="False">
<pageblock id="139" type="text" label="New Healthy Habit" ordinality="1">
<text src="pageblocks/139.txt" />
</pageblock>
<pageblock id="181" type="text" label="Sample Healthy Habit" ordinality="2">
<text src="pageblocks/181.txt" />
</pageblock>
</section>
<section slug="review__your_habits" label="Review Your Habits" is_root="False">
<pageblock id="183" type="text" label="Review Your Habits" ordinality="1">
<text src="pageblocks/183.txt" />
</pageblock>
<pageblock id="184" type="html" label="" ordinality="2">
<html src="pageblocks/184.html" />
</pageblock>
</section>
<section slug="celebrate-graduate" label="Celebrate &amp; Graduate" is_root="False">
<pageblock id="168" type="html" label="Celebrate &amp; Graduate" ordinality="1">
<html src="pageblocks/168.html" />
</pageblock>
</section>
<section slug="social-work-guide" label="Social Work Guide" is_root="False">
<section slug="welcome-review" label="Welcome &amp; Review" is_root="False">
<pageblock id="92" type="text" label="Welcome &amp; Review" ordinality="1">
<text src="pageblocks/92.txt" />
</pageblock>
</section>
<section slug="keep-it-going" label="Keep It Going" is_root="False">
<pageblock id="93" type="text" label="Keep it Going" ordinality="1">
<text src="pageblocks/93.txt" />
</pageblock>
</section>
<section slug="current-attitudes" label="Current Attitudes" is_root="False">
<pageblock id="94" type="text" label="Current Attitudes" ordinality="1">
<text src="pageblocks/94.txt" />
</pageblock>
</section>
<section slug="new-healthy-habit" label="New Healthy Habit" is_root="False">
<pageblock id="95" type="text" label="New Healthy Habit" ordinality="1">
<text src="pageblocks/95.txt" />
</pageblock>
</section>
<section slug="review-your-habits" label="Review Your Habits" is_root="False">
<pageblock id="96" type="text" label="Review Your Habits" ordinality="1">
<text src="pageblocks/96.txt" />
</pageblock>
</section>
<section slug="celebrate-graduate" label="Celebrate &amp; Graduate" is_root="False">
<pageblock id="100" type="text" label="Celebrate Progress" ordinality="1">
<text src="pageblocks/100.txt" />
</pageblock>
<pageblock id="101" type="text" label="Graduate!" ordinality="2">
<text src="pageblocks/101.txt" />
</pageblock>
</section>
</section>
</section>
</section>
</hierarchy>
